HH2406T , STATEUTTARPRADESH , 512 , 649
HH2406T , STATEUTTARPRADESH , 220 , 251
HH2406T , STATEUTTARPRADESH , 199 , 076
HH2406T , STATEUTTARPRADESH , 93 , 322
HH2406T , STATEUTTARPRADESH , 359 , 499
HH2406T , STATEUTTARPRADESH , 111 , 116
HH2406T , STATEUTTARPRADESH , 168 , 760
HH2406T , STATEUTTARPRADESH , 79 , 623
HH2406T , STATEUTTARPRADESH , 153 , 150
HH2406T , STATEUTTARPRADESH , 109 , 135
HH2406T , STATEUTTARPRADESH , 30 , 316
HH2406T , STATEUTTARPRADESH , 13 , 699
HH2406T , DistrictSaharanpur , 4 , 285
HH2406T , DistrictSaharanpur , 3 , 199
HH2406T , DistrictSaharanpur , 717 , 62
HH2406T , DistrictSaharanpur , 369 , 37
HH2406T , DistrictSaharanpur , 1 , 706
HH2406T , DistrictSaharanpur , 886 , 274
HH2406T , DistrictSaharanpur , 473 , 31
HH2406T , DistrictSaharanpur , 347 , 28
HH2406T , DistrictSaharanpur , 2 , 579
HH2406T , DistrictSaharanpur , 2 , 313
HH2406T , DistrictSaharanpur , 244 , 31
HH2406T , DistrictSaharanpur , 22 , 9
HH2406T , DistrictMuzaffarnagar , 6 , 065
HH2406T , DistrictMuzaffarnagar , 4 , 139
HH2406T , DistrictMuzaffarnagar , 1 , 390
HH2406T , DistrictMuzaffarnagar , 536 , 68
HH2406T , DistrictMuzaffarnagar , 3 , 831
HH2406T , DistrictMuzaffarnagar , 2 , 211
HH2406T , DistrictMuzaffarnagar , 1 , 162
HH2406T , DistrictMuzaffarnagar , 458 , 63
HH2406T , DistrictMuzaffarnagar , 2 , 234
HH2406T , DistrictMuzaffarnagar , 1 , 928
HH2406T , DistrictMuzaffarnagar , 228 , 57
HH2406T , DistrictMuzaffarnagar , 78 , 5
HH2406T , DistrictBijnor , 5 , 132
HH2406T , DistrictBijnor , 3 , 156
HH2406T , DistrictBijnor , 1 , 492
HH2406T , DistrictBijnor , 484 , 72
HH2406T , DistrictBijnor , 3 , 668
HH2406T , DistrictBijnor , 2 , 088
HH2406T , DistrictBijnor , 1 , 233
HH2406T , DistrictBijnor , 347 , 49
HH2406T , DistrictBijnor , 1 , 464
HH2406T , DistrictBijnor , 1 , 068
HH2406T , DistrictBijnor , 259 , 52
HH2406T , DistrictBijnor , 137 , 23
HH2406T , DistrictMoradabad , 6 , 486
HH2406T , DistrictMoradabad , 5 , 057
HH2406T , DistrictMoradabad , 856 , 217
HH2406T , DistrictMoradabad , 573 , 309
HH2406T , DistrictMoradabad , 2 , 793
HH2406T , DistrictMoradabad , 2 , 016
HH2406T , DistrictMoradabad , 602 , 154
HH2406T , DistrictMoradabad , 175 , 26
HH2406T , DistrictMoradabad , 3 , 693
HH2406T , DistrictMoradabad , 3 , 041
HH2406T , DistrictMoradabad , 254 , 63
HH2406T , DistrictMoradabad , 398 , 283
HH2406T , DistrictRampur , 2 , 857
HH2406T , DistrictRampur , 2 , 364
HH2406T , DistrictRampur , 375 , 97
HH2406T , DistrictRampur , 118 , 5
HH2406T , DistrictRampur , 2 , 051
HH2406T , DistrictRampur , 1 , 583
HH2406T , DistrictRampur , 351 , 89
HH2406T , DistrictRampur , 117 , 5
HH2406T , DistrictRampur , 806 , 397
HH2406T , DistrictRampur , 781 , 389
HH2406T , DistrictRampur , 24 , 8
HH2406T , DistrictRampur , 1 , 
HH2406T , DistrictJyotibaPhuleNagar , 1 , 588
HH2406T , DistrictJyotibaPhuleNagar , 1 , 150
HH2406T , DistrictJyotibaPhuleNagar , 274 , 88
HH2406T , DistrictJyotibaPhuleNagar , 164 , 38
HH2406T , DistrictJyotibaPhuleNagar , 1 , 071
HH2406T , DistrictJyotibaPhuleNagar , 716 , 396
HH2406T , DistrictJyotibaPhuleNagar , 207 , 59
HH2406T , DistrictJyotibaPhuleNagar , 148 , 38
HH2406T , DistrictJyotibaPhuleNagar , 517 , 270
HH2406T , DistrictJyotibaPhuleNagar , 434 , 241
HH2406T , DistrictJyotibaPhuleNagar , 67 , 29
HH2406T , DistrictJyotibaPhuleNagar , 16 , 
HH2406T , DistrictMeerut , 7 , 506
HH2406T , DistrictMeerut , 6 , 030
HH2406T , DistrictMeerut , 1 , 121
HH2406T , DistrictMeerut , 355 , 81
HH2406T , DistrictMeerut , 2 , 244
HH2406T , DistrictMeerut , 1 , 525
HH2406T , DistrictMeerut , 523 , 94
HH2406T , DistrictMeerut , 196 , 58
HH2406T , DistrictMeerut , 5 , 262
HH2406T , DistrictMeerut , 4 , 505
HH2406T , DistrictMeerut , 598 , 138
HH2406T , DistrictMeerut , 159 , 23
HH2406T , DistrictBaghpat , 1 , 717
HH2406T , DistrictBaghpat , 679 , 194
HH2406T , DistrictBaghpat , 717 , 70
HH2406T , DistrictBaghpat , 321 , 50
HH2406T , DistrictBaghpat , 1 , 326
HH2406T , DistrictBaghpat , 470 , 115
HH2406T , DistrictBaghpat , 627 , 49
HH2406T , DistrictBaghpat , 229 , 25
HH2406T , DistrictBaghpat , 391 , 125
HH2406T , DistrictBaghpat , 209 , 79
HH2406T , DistrictBaghpat , 90 , 21
HH2406T , DistrictBaghpat , 92 , 25
HH2406T , DistrictGhaziabad , 25 , 064
HH2406T , DistrictGhaziabad , 18 , 820
HH2406T , DistrictGhaziabad , 4 , 107
HH2406T , DistrictGhaziabad , 2 , 137
HH2406T , DistrictGhaziabad , 2 , 608
HH2406T , DistrictGhaziabad , 1 , 764
HH2406T , DistrictGhaziabad , 618 , 93
HH2406T , DistrictGhaziabad , 226 , 28
HH2406T , DistrictGhaziabad , 22 , 456
HH2406T , DistrictGhaziabad , 17 , 056
HH2406T , DistrictGhaziabad , 3 , 489
HH2406T , DistrictGhaziabad , 1 , 911
HH2406T , DistrictGautamBuddhaNagar , 8 , 512
HH2406T , DistrictGautamBuddhaNagar , 6 , 915
HH2406T , DistrictGautamBuddhaNagar , 1 , 189
HH2406T , DistrictGautamBuddhaNagar , 408 , 112
HH2406T , DistrictGautamBuddhaNagar , 1 , 609
HH2406T , DistrictGautamBuddhaNagar , 1 , 152
HH2406T , DistrictGautamBuddhaNagar , 287 , 81
HH2406T , DistrictGautamBuddhaNagar , 170 , 31
HH2406T , DistrictGautamBuddhaNagar , 6 , 903
HH2406T , DistrictGautamBuddhaNagar , 5 , 763
HH2406T , DistrictGautamBuddhaNagar , 902 , 290
HH2406T , DistrictGautamBuddhaNagar , 238 , 81
HH2406T , DistrictBulandshahr , 4 , 468
HH2406T , DistrictBulandshahr , 3 , 310
HH2406T , DistrictBulandshahr , 776 , 146
HH2406T , DistrictBulandshahr , 382 , 62
HH2406T , DistrictBulandshahr , 2 , 517
HH2406T , DistrictBulandshahr , 1 , 714
HH2406T , DistrictBulandshahr , 565 , 97
HH2406T , DistrictBulandshahr , 238 , 29
HH2406T , DistrictBulandshahr , 1 , 951
HH2406T , DistrictBulandshahr , 1 , 596
HH2406T , DistrictBulandshahr , 211 , 49
HH2406T , DistrictBulandshahr , 144 , 33
HH2406T , DistrictAligarh , 9 , 346
HH2406T , DistrictAligarh , 5 , 694
HH2406T , DistrictAligarh , 2 , 723
HH2406T , DistrictAligarh , 929 , 174
HH2406T , DistrictAligarh , 3 , 985
HH2406T , DistrictAligarh , 2 , 129
HH2406T , DistrictAligarh , 1 , 304
HH2406T , DistrictAligarh , 552 , 87
HH2406T , DistrictAligarh , 5 , 361
HH2406T , DistrictAligarh , 3 , 565
HH2406T , DistrictAligarh , 1 , 419
HH2406T , DistrictAligarh , 377 , 87
HH2406T , DistrictMahamayaNagar , 2 , 516
HH2406T , DistrictMahamayaNagar , 1 , 020
HH2406T , DistrictMahamayaNagar , 1 , 087
HH2406T , DistrictMahamayaNagar , 409 , 79
HH2406T , DistrictMahamayaNagar , 1 , 834
HH2406T , DistrictMahamayaNagar , 571 , 217
HH2406T , DistrictMahamayaNagar , 904 , 223
HH2406T , DistrictMahamayaNagar , 359 , 58
HH2406T , DistrictMahamayaNagar , 682 , 330
HH2406T , DistrictMahamayaNagar , 449 , 213
HH2406T , DistrictMahamayaNagar , 183 , 96
HH2406T , DistrictMahamayaNagar , 50 , 21
HH2406T , DistrictMathura , 4 , 209
HH2406T , DistrictMathura , 2 , 213
HH2406T , DistrictMathura , 1 , 157
HH2406T , DistrictMathura , 839 , 71
HH2406T , DistrictMathura , 2 , 111
HH2406T , DistrictMathura , 786 , 192
HH2406T , DistrictMathura , 704 , 69
HH2406T , DistrictMathura , 621 , 38
HH2406T , DistrictMathura , 2 , 098
HH2406T , DistrictMathura , 1 , 427
HH2406T , DistrictMathura , 453 , 117
HH2406T , DistrictMathura , 218 , 33
HH2406T , DistrictAgra , 12 , 294
HH2406T , DistrictAgra , 7 , 103
HH2406T , DistrictAgra , 3 , 208
HH2406T , DistrictAgra , 1 , 983
HH2406T , DistrictAgra , 3 , 056
HH2406T , DistrictAgra , 547 , 122
HH2406T , DistrictAgra , 1 , 361
HH2406T , DistrictAgra , 1 , 148
HH2406T , DistrictAgra , 9 , 238
HH2406T , DistrictAgra , 6 , 556
HH2406T , DistrictAgra , 1 , 847
HH2406T , DistrictAgra , 835 , 70
HH2406T , DistrictFirozabad , 8 , 747
HH2406T , DistrictFirozabad , 3 , 318
HH2406T , DistrictFirozabad , 3 , 231
HH2406T , DistrictFirozabad , 2 , 198
HH2406T , DistrictFirozabad , 2 , 020
HH2406T , DistrictFirozabad , 332 , 68
HH2406T , DistrictFirozabad , 1 , 234
HH2406T , DistrictFirozabad , 454 , 70
HH2406T , DistrictFirozabad , 6 , 727
HH2406T , DistrictFirozabad , 2 , 986
HH2406T , DistrictFirozabad , 1 , 997
HH2406T , DistrictFirozabad , 1 , 744
HH2406T , DistrictMainpuri , 2 , 478
HH2406T , DistrictMainpuri , 1 , 124
HH2406T , DistrictMainpuri , 1 , 049
HH2406T , DistrictMainpuri , 305 , 22
HH2406T , DistrictMainpuri , 1 , 707
HH2406T , DistrictMainpuri , 566 , 88
HH2406T , DistrictMainpuri , 913 , 154
HH2406T , DistrictMainpuri , 228 , 16
HH2406T , DistrictMainpuri , 771 , 264
HH2406T , DistrictMainpuri , 558 , 228
HH2406T , DistrictMainpuri , 136 , 30
HH2406T , DistrictMainpuri , 77 , 6
HH2406T , DistrictBudaun , 3 , 069
HH2406T , DistrictBudaun , 2 , 012
HH2406T , DistrictBudaun , 807 , 78
HH2406T , DistrictBudaun , 250 , 10
HH2406T , DistrictBudaun , 2 , 307
HH2406T , DistrictBudaun , 1 , 440
HH2406T , DistrictBudaun , 687 , 61
HH2406T , DistrictBudaun , 180 , 9
HH2406T , DistrictBudaun , 762 , 179
HH2406T , DistrictBudaun , 572 , 161
HH2406T , DistrictBudaun , 120 , 17
HH2406T , DistrictBudaun , 70 , 1
HH2406T , DistrictBareilly , 7 , 474
HH2406T , DistrictBareilly , 6 , 396
HH2406T , DistrictBareilly , 881 , 177
HH2406T , DistrictBareilly , 197 , 15
HH2406T , DistrictBareilly , 3 , 097
HH2406T , DistrictBareilly , 2 , 340
HH2406T , DistrictBareilly , 598 , 93
HH2406T , DistrictBareilly , 159 , 13
HH2406T , DistrictBareilly , 4 , 377
HH2406T , DistrictBareilly , 4 , 056
HH2406T , DistrictBareilly , 283 , 84
HH2406T , DistrictBareilly , 38 , 2
HH2406T , DistrictPilibhit , 2 , 433
HH2406T , DistrictPilibhit , 1 , 749
HH2406T , DistrictPilibhit , 551 , 69
HH2406T , DistrictPilibhit , 133 , 29
HH2406T , DistrictPilibhit , 1 , 840
HH2406T , DistrictPilibhit , 1 , 217
HH2406T , DistrictPilibhit , 509 , 65
HH2406T , DistrictPilibhit , 114 , 27
HH2406T , DistrictPilibhit , 593 , 295
HH2406T , DistrictPilibhit , 532 , 289
HH2406T , DistrictPilibhit , 42 , 4
HH2406T , DistrictPilibhit , 19 , 2
HH2406T , DistrictShahjahanpur , 3 , 995
HH2406T , DistrictShahjahanpur , 2 , 709
HH2406T , DistrictShahjahanpur , 1 , 000
HH2406T , DistrictShahjahanpur , 286 , 11
HH2406T , DistrictShahjahanpur , 2 , 585
HH2406T , DistrictShahjahanpur , 1 , 592
HH2406T , DistrictShahjahanpur , 787 , 103
HH2406T , DistrictShahjahanpur , 206 , 10
HH2406T , DistrictShahjahanpur , 1 , 410
HH2406T , DistrictShahjahanpur , 1 , 117
HH2406T , DistrictShahjahanpur , 213 , 14
HH2406T , DistrictShahjahanpur , 80 , 1
HH2406T , DistrictKheri , 11 , 786
HH2406T , DistrictKheri , 5 , 226
HH2406T , DistrictKheri , 5 , 268
HH2406T , DistrictKheri , 1 , 292
HH2406T , DistrictKheri , 11 , 058
HH2406T , DistrictKheri , 4 , 713
HH2406T , DistrictKheri , 5 , 091
HH2406T , DistrictKheri , 1 , 254
HH2406T , DistrictKheri , 728 , 289
HH2406T , DistrictKheri , 513 , 221
HH2406T , DistrictKheri , 177 , 64
HH2406T , DistrictKheri , 38 , 4
HH2406T , DistrictSitapur , 7 , 636
HH2406T , DistrictSitapur , 2 , 805
HH2406T , DistrictSitapur , 3 , 326
HH2406T , DistrictSitapur , 1 , 505
HH2406T , DistrictSitapur , 6 , 757
HH2406T , DistrictSitapur , 2 , 128
HH2406T , DistrictSitapur , 3 , 169
HH2406T , DistrictSitapur , 1 , 460
HH2406T , DistrictSitapur , 879 , 457
HH2406T , DistrictSitapur , 677 , 425
HH2406T , DistrictSitapur , 157 , 24
HH2406T , DistrictSitapur , 45 , 8
HH2406T , DistrictHardoi , 5 , 535
HH2406T , DistrictHardoi , 2 , 623
HH2406T , DistrictHardoi , 2 , 035
HH2406T , DistrictHardoi , 877 , 71
HH2406T , DistrictHardoi , 4 , 680
HH2406T , DistrictHardoi , 1 , 952
HH2406T , DistrictHardoi , 1 , 910
HH2406T , DistrictHardoi , 818 , 63
HH2406T , DistrictHardoi , 855 , 275
HH2406T , DistrictHardoi , 671 , 238
HH2406T , DistrictHardoi , 125 , 29
HH2406T , DistrictHardoi , 59 , 8
HH2406T , DistrictUnnao , 4 , 549
HH2406T , DistrictUnnao , 1 , 624
HH2406T , DistrictUnnao , 2 , 268
HH2406T , DistrictUnnao , 657 , 85
HH2406T , DistrictUnnao , 3 , 382
HH2406T , DistrictUnnao , 830 , 130
HH2406T , DistrictUnnao , 1 , 970
HH2406T , DistrictUnnao , 582 , 84
HH2406T , DistrictUnnao , 1 , 167
HH2406T , DistrictUnnao , 794 , 193
HH2406T , DistrictUnnao , 298 , 55
HH2406T , DistrictUnnao , 75 , 1
HH2406T , DistrictLucknow , 14 , 083
HH2406T , DistrictLucknow , 8 , 330
HH2406T , DistrictLucknow , 4 , 150
HH2406T , DistrictLucknow , 1 , 603
HH2406T , DistrictLucknow , 3 , 761
HH2406T , DistrictLucknow , 690 , 147
HH2406T , DistrictLucknow , 2 , 257
HH2406T , DistrictLucknow , 814 , 69
HH2406T , DistrictLucknow , 10 , 322
HH2406T , DistrictLucknow , 7 , 640
HH2406T , DistrictLucknow , 1 , 893
HH2406T , DistrictLucknow , 789 , 197
HH2406T , DistrictRaeBareli , 5 , 917
HH2406T , DistrictRaeBareli , 1 , 431
HH2406T , DistrictRaeBareli , 3 , 319
HH2406T , DistrictRaeBareli , 1 , 167
HH2406T , DistrictRaeBareli , 5 , 537
HH2406T , DistrictRaeBareli , 1 , 229
HH2406T , DistrictRaeBareli , 3 , 177
HH2406T , DistrictRaeBareli , 1 , 131
HH2406T , DistrictRaeBareli , 380 , 167
HH2406T , DistrictRaeBareli , 202 , 116
HH2406T , DistrictRaeBareli , 142 , 34
HH2406T , DistrictRaeBareli , 36 , 17
HH2406T , DistrictFarrukhabad , 2 , 534
HH2406T , DistrictFarrukhabad , 650 , 209
HH2406T , DistrictFarrukhabad , 1 , 195
HH2406T , DistrictFarrukhabad , 689 , 74
HH2406T , DistrictFarrukhabad , 1 , 637
HH2406T , DistrictFarrukhabad , 288 , 64
HH2406T , DistrictFarrukhabad , 851 , 74
HH2406T , DistrictFarrukhabad , 498 , 64
HH2406T , DistrictFarrukhabad , 897 , 230
HH2406T , DistrictFarrukhabad , 362 , 145
HH2406T , DistrictFarrukhabad , 344 , 75
HH2406T , DistrictFarrukhabad , 191 , 10
HH2406T , DistrictKannauj , 3 , 017
HH2406T , DistrictKannauj , 697 , 267
HH2406T , DistrictKannauj , 1 , 570
HH2406T , DistrictKannauj , 750 , 70
HH2406T , DistrictKannauj , 2 , 532
HH2406T , DistrictKannauj , 446 , 78
HH2406T , DistrictKannauj , 1 , 405
HH2406T , DistrictKannauj , 681 , 67
HH2406T , DistrictKannauj , 485 , 228
HH2406T , DistrictKannauj , 251 , 189
HH2406T , DistrictKannauj , 165 , 36
HH2406T , DistrictKannauj , 69 , 3
HH2406T , DistrictEtawah , 1 , 877
HH2406T , DistrictEtawah , 517 , 221
HH2406T , DistrictEtawah , 952 , 81
HH2406T , DistrictEtawah , 408 , 30
HH2406T , DistrictEtawah , 1 , 382
HH2406T , DistrictEtawah , 214 , 27
HH2406T , DistrictEtawah , 802 , 43
HH2406T , DistrictEtawah , 366 , 27
HH2406T , DistrictEtawah , 495 , 235
HH2406T , DistrictEtawah , 303 , 194
HH2406T , DistrictEtawah , 150 , 38
HH2406T , DistrictEtawah , 42 , 3
HH2406T , DistrictAuraiya , 1 , 561
HH2406T , DistrictAuraiya , 349 , 102
HH2406T , DistrictAuraiya , 900 , 83
HH2406T , DistrictAuraiya , 312 , 18
HH2406T , DistrictAuraiya , 1 , 409
HH2406T , DistrictAuraiya , 247 , 49
HH2406T , DistrictAuraiya , 857 , 65
HH2406T , DistrictAuraiya , 305 , 17
HH2406T , DistrictAuraiya , 152 , 72
HH2406T , DistrictAuraiya , 102 , 53
HH2406T , DistrictAuraiya , 43 , 18
HH2406T , DistrictAuraiya , 7 , 1
HH2406T , DistrictKanpurDehat , 3 , 360
HH2406T , DistrictKanpurDehat , 727 , 194
HH2406T , DistrictKanpurDehat , 1 , 721
HH2406T , DistrictKanpurDehat , 912 , 96
HH2406T , DistrictKanpurDehat , 3 , 049
HH2406T , DistrictKanpurDehat , 523 , 146
HH2406T , DistrictKanpurDehat , 1 , 638
HH2406T , DistrictKanpurDehat , 888 , 94
HH2406T , DistrictKanpurDehat , 311 , 63
HH2406T , DistrictKanpurDehat , 204 , 48
HH2406T , DistrictKanpurDehat , 83 , 13
HH2406T , DistrictKanpurDehat , 24 , 2
HH2406T , DistrictKanpurNagar , 18 , 064
HH2406T , DistrictKanpurNagar , 9 , 590
HH2406T , DistrictKanpurNagar , 6 , 563
HH2406T , DistrictKanpurNagar , 1 , 911
HH2406T , DistrictKanpurNagar , 2 , 578
HH2406T , DistrictKanpurNagar , 410 , 67
HH2406T , DistrictKanpurNagar , 1 , 674
HH2406T , DistrictKanpurNagar , 494 , 12
HH2406T , DistrictKanpurNagar , 15 , 486
HH2406T , DistrictKanpurNagar , 9 , 180
HH2406T , DistrictKanpurNagar , 4 , 889
HH2406T , DistrictKanpurNagar , 1 , 417
HH2406T , DistrictJalaun , 2 , 169
HH2406T , DistrictJalaun , 755 , 153
HH2406T , DistrictJalaun , 1 , 109
HH2406T , DistrictJalaun , 305 , 23
HH2406T , DistrictJalaun , 1 , 571
HH2406T , DistrictJalaun , 395 , 61
HH2406T , DistrictJalaun , 907 , 88
HH2406T , DistrictJalaun , 269 , 22
HH2406T , DistrictJalaun , 598 , 140
HH2406T , DistrictJalaun , 360 , 92
HH2406T , DistrictJalaun , 202 , 47
HH2406T , DistrictJalaun , 36 , 1
HH2406T , DistrictJhansi , 6 , 372
HH2406T , DistrictJhansi , 2 , 501
HH2406T , DistrictJhansi , 2 , 658
HH2406T , DistrictJhansi , 1 , 213
HH2406T , DistrictJhansi , 2 , 932
HH2406T , DistrictJhansi , 385 , 78
HH2406T , DistrictJhansi , 1 , 790
HH2406T , DistrictJhansi , 757 , 38
HH2406T , DistrictJhansi , 3 , 440
HH2406T , DistrictJhansi , 2 , 116
HH2406T , DistrictJhansi , 868 , 145
HH2406T , DistrictJhansi , 456 , 35
HH2406T , DistrictLalitpur , 15 , 123
HH2406T , DistrictLalitpur , 346 , 69
HH2406T , DistrictLalitpur , 8 , 590
HH2406T , DistrictLalitpur , 6 , 187
HH2406T , DistrictLalitpur , 14 , 636
HH2406T , DistrictLalitpur , 271 , 28
HH2406T , DistrictLalitpur , 8 , 431
HH2406T , DistrictLalitpur , 5 , 934
HH2406T , DistrictLalitpur , 487 , 64
HH2406T , DistrictLalitpur , 75 , 41
HH2406T , DistrictLalitpur , 159 , 15
HH2406T , DistrictLalitpur , 253 , 8
HH2406T , DistrictHamirpur , 1 , 364
HH2406T , DistrictHamirpur , 336 , 184
HH2406T , DistrictHamirpur , 717 , 78
HH2406T , DistrictHamirpur , 311 , 19
HH2406T , DistrictHamirpur , 922 , 117
HH2406T , DistrictHamirpur , 96 , 53
HH2406T , DistrictHamirpur , 587 , 50
HH2406T , DistrictHamirpur , 239 , 14
HH2406T , DistrictHamirpur , 442 , 164
HH2406T , DistrictHamirpur , 240 , 131
HH2406T , DistrictHamirpur , 130 , 28
HH2406T , DistrictHamirpur , 72 , 5
HH2406T , DistrictMahoba , 1 , 558
HH2406T , DistrictMahoba , 218 , 72
HH2406T , DistrictMahoba , 932 , 52
HH2406T , DistrictMahoba , 408 , 10
HH2406T , DistrictMahoba , 950 , 35
HH2406T , DistrictMahoba , 58 , 12
HH2406T , DistrictMahoba , 615 , 20
HH2406T , DistrictMahoba , 277 , 3
HH2406T , DistrictMahoba , 608 , 99
HH2406T , DistrictMahoba , 160 , 60
HH2406T , DistrictMahoba , 317 , 32
HH2406T , DistrictMahoba , 131 , 7
HH2406T , DistrictBanda , 1 , 951
HH2406T , DistrictBanda , 509 , 267
HH2406T , DistrictBanda , 1 , 110
HH2406T , DistrictBanda , 332 , 28
HH2406T , DistrictBanda , 1 , 373
HH2406T , DistrictBanda , 155 , 27
HH2406T , DistrictBanda , 948 , 66
HH2406T , DistrictBanda , 270 , 25
HH2406T , DistrictBanda , 578 , 263
HH2406T , DistrictBanda , 354 , 240
HH2406T , DistrictBanda , 162 , 20
HH2406T , DistrictBanda , 62 , 3
HH2406T , DistrictChitrakoot , 1 , 144
HH2406T , DistrictChitrakoot , 125 , 65
HH2406T , DistrictChitrakoot , 715 , 28
HH2406T , DistrictChitrakoot , 304 , 15
HH2406T , DistrictChitrakoot , 1 , 032
HH2406T , DistrictChitrakoot , 74 , 23
HH2406T , DistrictChitrakoot , 669 , 23
HH2406T , DistrictChitrakoot , 289 , 15
HH2406T , DistrictChitrakoot , 112 , 47
HH2406T , DistrictChitrakoot , 51 , 42
HH2406T , DistrictChitrakoot , 46 , 5
HH2406T , DistrictChitrakoot , 15 , 
HH2406T , DistrictFatehpur , 4 , 908
HH2406T , DistrictFatehpur , 800 , 364
HH2406T , DistrictFatehpur , 2 , 869
HH2406T , DistrictFatehpur , 1 , 239
HH2406T , DistrictFatehpur , 4 , 078
HH2406T , DistrictFatehpur , 414 , 72
HH2406T , DistrictFatehpur , 2 , 546
HH2406T , DistrictFatehpur , 1 , 118
HH2406T , DistrictFatehpur , 830 , 371
HH2406T , DistrictFatehpur , 386 , 292
HH2406T , DistrictFatehpur , 323 , 60
HH2406T , DistrictFatehpur , 121 , 19
HH2406T , DistrictPratapgarh , 5 , 695
HH2406T , DistrictPratapgarh , 1 , 269
HH2406T , DistrictPratapgarh , 3 , 272
HH2406T , DistrictPratapgarh , 1 , 154
HH2406T , DistrictPratapgarh , 5 , 485
HH2406T , DistrictPratapgarh , 1 , 121
HH2406T , DistrictPratapgarh , 3 , 220
HH2406T , DistrictPratapgarh , 1 , 144
HH2406T , DistrictPratapgarh , 210 , 104
HH2406T , DistrictPratapgarh , 148 , 97
HH2406T , DistrictPratapgarh , 52 , 5
HH2406T , DistrictPratapgarh , 10 , 2
HH2406T , DistrictKaushambi , 3 , 337
HH2406T , DistrictKaushambi , 307 , 148
HH2406T , DistrictKaushambi , 2 , 113
HH2406T , DistrictKaushambi , 917 , 29
HH2406T , DistrictKaushambi , 3 , 096
HH2406T , DistrictKaushambi , 222 , 81
HH2406T , DistrictKaushambi , 2 , 037
HH2406T , DistrictKaushambi , 837 , 26
HH2406T , DistrictKaushambi , 241 , 92
HH2406T , DistrictKaushambi , 85 , 67
HH2406T , DistrictKaushambi , 76 , 22
HH2406T , DistrictKaushambi , 80 , 3
HH2406T , DistrictAllahabad , 14 , 344
HH2406T , DistrictAllahabad , 4 , 762
HH2406T , DistrictAllahabad , 6 , 087
HH2406T , DistrictAllahabad , 3 , 495
HH2406T , DistrictAllahabad , 10 , 398
HH2406T , DistrictAllahabad , 1 , 774
HH2406T , DistrictAllahabad , 5 , 440
HH2406T , DistrictAllahabad , 3 , 184
HH2406T , DistrictAllahabad , 3 , 946
HH2406T , DistrictAllahabad , 2 , 988
HH2406T , DistrictAllahabad , 647 , 308
HH2406T , DistrictAllahabad , 311 , 70
HH2406T , DistrictBaraBanki , 4 , 829
HH2406T , DistrictBaraBanki , 2 , 019
HH2406T , DistrictBaraBanki , 1 , 984
HH2406T , DistrictBaraBanki , 826 , 123
HH2406T , DistrictBaraBanki , 4 , 200
HH2406T , DistrictBaraBanki , 1 , 624
HH2406T , DistrictBaraBanki , 1 , 888
HH2406T , DistrictBaraBanki , 688 , 117
HH2406T , DistrictBaraBanki , 629 , 140
HH2406T , DistrictBaraBanki , 395 , 122
HH2406T , DistrictBaraBanki , 96 , 12
HH2406T , DistrictBaraBanki , 138 , 6
HH2406T , DistrictFaizabad , 3 , 904
HH2406T , DistrictFaizabad , 1 , 982
HH2406T , DistrictFaizabad , 1 , 533
HH2406T , DistrictFaizabad , 389 , 69
HH2406T , DistrictFaizabad , 2 , 921
HH2406T , DistrictFaizabad , 1 , 287
HH2406T , DistrictFaizabad , 1 , 287
HH2406T , DistrictFaizabad , 347 , 66
HH2406T , DistrictFaizabad , 983 , 305
HH2406T , DistrictFaizabad , 695 , 269
HH2406T , DistrictFaizabad , 246 , 33
HH2406T , DistrictFaizabad , 42 , 3
HH2406T , DistrictAmbedkarNagar , 2 , 678
HH2406T , DistrictAmbedkarNagar , 997 , 298
HH2406T , DistrictAmbedkarNagar , 1 , 301
HH2406T , DistrictAmbedkarNagar , 380 , 93
HH2406T , DistrictAmbedkarNagar , 2 , 502
HH2406T , DistrictAmbedkarNagar , 863 , 239
HH2406T , DistrictAmbedkarNagar , 1 , 268
HH2406T , DistrictAmbedkarNagar , 371 , 93
HH2406T , DistrictAmbedkarNagar , 176 , 63
HH2406T , DistrictAmbedkarNagar , 134 , 59
HH2406T , DistrictAmbedkarNagar , 33 , 4
HH2406T , DistrictAmbedkarNagar , 9 , 
HH2406T , DistrictSultanpur , 5 , 097
HH2406T , DistrictSultanpur , 1 , 611
HH2406T , DistrictSultanpur , 2 , 533
HH2406T , DistrictSultanpur , 953 , 203
HH2406T , DistrictSultanpur , 4 , 605
HH2406T , DistrictSultanpur , 1 , 295
HH2406T , DistrictSultanpur , 2 , 393
HH2406T , DistrictSultanpur , 917 , 197
HH2406T , DistrictSultanpur , 492 , 306
HH2406T , DistrictSultanpur , 316 , 259
HH2406T , DistrictSultanpur , 140 , 41
HH2406T , DistrictSultanpur , 36 , 6
HH2406T , DistrictBahraich , 6 , 691
HH2406T , DistrictBahraich , 3 , 878
HH2406T , DistrictBahraich , 2 , 264
HH2406T , DistrictBahraich , 549 , 59
HH2406T , DistrictBahraich , 5 , 602
HH2406T , DistrictBahraich , 2 , 931
HH2406T , DistrictBahraich , 2 , 197
HH2406T , DistrictBahraich , 474 , 45
HH2406T , DistrictBahraich , 1 , 089
HH2406T , DistrictBahraich , 947 , 362
HH2406T , DistrictBahraich , 67 , 16
HH2406T , DistrictBahraich , 75 , 14
HH2406T , DistrictShrawasti , 2 , 041
HH2406T , DistrictShrawasti , 1 , 049
HH2406T , DistrictShrawasti , 821 , 182
HH2406T , DistrictShrawasti , 171 , 31
HH2406T , DistrictShrawasti , 1 , 911
HH2406T , DistrictShrawasti , 943 , 363
HH2406T , DistrictShrawasti , 803 , 167
HH2406T , DistrictShrawasti , 165 , 25
HH2406T , DistrictShrawasti , 130 , 80
HH2406T , DistrictShrawasti , 106 , 59
HH2406T , DistrictShrawasti , 18 , 15
HH2406T , DistrictShrawasti , 6 , 6
HH2406T , DistrictBalrampur , 5 , 052
HH2406T , DistrictBalrampur , 2 , 246
HH2406T , DistrictBalrampur , 2 , 263
HH2406T , DistrictBalrampur , 543 , 107
HH2406T , DistrictBalrampur , 4 , 727
HH2406T , DistrictBalrampur , 1 , 980
HH2406T , DistrictBalrampur , 2 , 214
HH2406T , DistrictBalrampur , 533 , 100
HH2406T , DistrictBalrampur , 325 , 212
HH2406T , DistrictBalrampur , 266 , 173
HH2406T , DistrictBalrampur , 49 , 32
HH2406T , DistrictBalrampur , 10 , 7
HH2406T , DistrictGonda , 4 , 917
HH2406T , DistrictGonda , 2 , 145
HH2406T , DistrictGonda , 2 , 392
HH2406T , DistrictGonda , 380 , 81
HH2406T , DistrictGonda , 4 , 532
HH2406T , DistrictGonda , 1 , 812
HH2406T , DistrictGonda , 2 , 353
HH2406T , DistrictGonda , 367 , 79
HH2406T , DistrictGonda , 385 , 184
HH2406T , DistrictGonda , 333 , 172
HH2406T , DistrictGonda , 39 , 10
HH2406T , DistrictGonda , 13 , 2
HH2406T , DistrictSiddharthnagar , 5 , 383
HH2406T , DistrictSiddharthnagar , 2 , 071
HH2406T , DistrictSiddharthnagar , 2 , 726
HH2406T , DistrictSiddharthnagar , 586 , 97
HH2406T , DistrictSiddharthnagar , 4 , 750
HH2406T , DistrictSiddharthnagar , 1 , 696
HH2406T , DistrictSiddharthnagar , 2 , 509
HH2406T , DistrictSiddharthnagar , 545 , 93
HH2406T , DistrictSiddharthnagar , 633 , 174
HH2406T , DistrictSiddharthnagar , 375 , 118
HH2406T , DistrictSiddharthnagar , 217 , 52
HH2406T , DistrictSiddharthnagar , 41 , 4
HH2406T , DistrictBasti , 2 , 776
HH2406T , DistrictBasti , 1 , 336
HH2406T , DistrictBasti , 1 , 255
HH2406T , DistrictBasti , 185 , 34
HH2406T , DistrictBasti , 2 , 494
HH2406T , DistrictBasti , 1 , 109
HH2406T , DistrictBasti , 1 , 206
HH2406T , DistrictBasti , 179 , 33
HH2406T , DistrictBasti , 282 , 116
HH2406T , DistrictBasti , 227 , 96
HH2406T , DistrictBasti , 49 , 19
HH2406T , DistrictBasti , 6 , 1
HH2406T , DistrictSantKabirNagar , 2 , 205
HH2406T , DistrictSantKabirNagar , 865 , 273
HH2406T , DistrictSantKabirNagar , 1 , 129
HH2406T , DistrictSantKabirNagar , 211 , 38
HH2406T , DistrictSantKabirNagar , 2 , 015
HH2406T , DistrictSantKabirNagar , 716 , 241
HH2406T , DistrictSantKabirNagar , 1 , 089
HH2406T , DistrictSantKabirNagar , 210 , 38
HH2406T , DistrictSantKabirNagar , 190 , 42
HH2406T , DistrictSantKabirNagar , 149 , 32
HH2406T , DistrictSantKabirNagar , 40 , 10
HH2406T , DistrictSantKabirNagar , 1 , 
HH2406T , DistrictMahrajganj , 7 , 299
HH2406T , DistrictMahrajganj , 3 , 145
HH2406T , DistrictMahrajganj , 3 , 428
HH2406T , DistrictMahrajganj , 726 , 229
HH2406T , DistrictMahrajganj , 6 , 537
HH2406T , DistrictMahrajganj , 2 , 648
HH2406T , DistrictMahrajganj , 3 , 218
HH2406T , DistrictMahrajganj , 671 , 199
HH2406T , DistrictMahrajganj , 762 , 369
HH2406T , DistrictMahrajganj , 497 , 305
HH2406T , DistrictMahrajganj , 210 , 34
HH2406T , DistrictMahrajganj , 55 , 30
HH2406T , DistrictGorakhpur , 10 , 484
HH2406T , DistrictGorakhpur , 5 , 899
HH2406T , DistrictGorakhpur , 3 , 946
HH2406T , DistrictGorakhpur , 639 , 147
HH2406T , DistrictGorakhpur , 7 , 553
HH2406T , DistrictGorakhpur , 3 , 484
HH2406T , DistrictGorakhpur , 3 , 487
HH2406T , DistrictGorakhpur , 582 , 136
HH2406T , DistrictGorakhpur , 2 , 931
HH2406T , DistrictGorakhpur , 2 , 415
HH2406T , DistrictGorakhpur , 459 , 220
HH2406T , DistrictGorakhpur , 57 , 11
HH2406T , DistrictKushinagar , 5 , 164
HH2406T , DistrictKushinagar , 2 , 345
HH2406T , DistrictKushinagar , 2 , 166
HH2406T , DistrictKushinagar , 653 , 90
HH2406T , DistrictKushinagar , 4 , 975
HH2406T , DistrictKushinagar , 2 , 234
HH2406T , DistrictKushinagar , 2 , 105
HH2406T , DistrictKushinagar , 636 , 88
HH2406T , DistrictKushinagar , 189 , 55
HH2406T , DistrictKushinagar , 111 , 36
HH2406T , DistrictKushinagar , 61 , 17
HH2406T , DistrictKushinagar , 17 , 2
HH2406T , DistrictDeoria , 22 , 471
HH2406T , DistrictDeoria , 11 , 842
HH2406T , DistrictDeoria , 8 , 799
HH2406T , DistrictDeoria , 1 , 830
HH2406T , DistrictDeoria , 20 , 904
HH2406T , DistrictDeoria , 10 , 625
HH2406T , DistrictDeoria , 8 , 501
HH2406T , DistrictDeoria , 1 , 778
HH2406T , DistrictDeoria , 1 , 567
HH2406T , DistrictDeoria , 1 , 217
HH2406T , DistrictDeoria , 298 , 78
HH2406T , DistrictDeoria , 52 , 6
HH2406T , DistrictAzamgarh , 7 , 646
HH2406T , DistrictAzamgarh , 2 , 801
HH2406T , DistrictAzamgarh , 3 , 871
HH2406T , DistrictAzamgarh , 974 , 142
HH2406T , DistrictAzamgarh , 7 , 132
HH2406T , DistrictAzamgarh , 2 , 432
HH2406T , DistrictAzamgarh , 3 , 747
HH2406T , DistrictAzamgarh , 953 , 131
HH2406T , DistrictAzamgarh , 514 , 157
HH2406T , DistrictAzamgarh , 369 , 115
HH2406T , DistrictAzamgarh , 124 , 31
HH2406T , DistrictAzamgarh , 21 , 11
HH2406T , DistrictMau , 6 , 945
HH2406T , DistrictMau , 4 , 028
HH2406T , DistrictMau , 2 , 349
HH2406T , DistrictMau , 568 , 30
HH2406T , DistrictMau , 5 , 384
HH2406T , DistrictMau , 2 , 768
HH2406T , DistrictMau , 2 , 120
HH2406T , DistrictMau , 496 , 17
HH2406T , DistrictMau , 1 , 561
HH2406T , DistrictMau , 1 , 260
HH2406T , DistrictMau , 229 , 27
HH2406T , DistrictMau , 72 , 13
HH2406T , DistrictBallia , 22 , 547
HH2406T , DistrictBallia , 13 , 838
HH2406T , DistrictBallia , 6 , 119
HH2406T , DistrictBallia , 2 , 590
HH2406T , DistrictBallia , 20 , 325
HH2406T , DistrictBallia , 12 , 187
HH2406T , DistrictBallia , 5 , 742
HH2406T , DistrictBallia , 2 , 396
HH2406T , DistrictBallia , 2 , 222
HH2406T , DistrictBallia , 1 , 651
HH2406T , DistrictBallia , 377 , 86
HH2406T , DistrictBallia , 194 , 18
HH2406T , DistrictJaunpur , 9 , 691
HH2406T , DistrictJaunpur , 2 , 414
HH2406T , DistrictJaunpur , 5 , 585
HH2406T , DistrictJaunpur , 1 , 692
HH2406T , DistrictJaunpur , 8 , 918
HH2406T , DistrictJaunpur , 1 , 958
HH2406T , DistrictJaunpur , 5 , 398
HH2406T , DistrictJaunpur , 1 , 562
HH2406T , DistrictJaunpur , 773 , 446
HH2406T , DistrictJaunpur , 456 , 341
HH2406T , DistrictJaunpur , 187 , 81
HH2406T , DistrictJaunpur , 130 , 24
HH2406T , DistrictGhazipur , 11 , 658
HH2406T , DistrictGhazipur , 4 , 219
HH2406T , DistrictGhazipur , 4 , 818
HH2406T , DistrictGhazipur , 2 , 621
HH2406T , DistrictGhazipur , 10 , 887
HH2406T , DistrictGhazipur , 3 , 670
HH2406T , DistrictGhazipur , 4 , 683
HH2406T , DistrictGhazipur , 2 , 534
HH2406T , DistrictGhazipur , 771 , 332
HH2406T , DistrictGhazipur , 549 , 313
HH2406T , DistrictGhazipur , 135 , 15
HH2406T , DistrictGhazipur , 87 , 4
HH2406T , DistrictChandauli , 2 , 663
HH2406T , DistrictChandauli , 1 , 008
HH2406T , DistrictChandauli , 977 , 92
HH2406T , DistrictChandauli , 678 , 24
HH2406T , DistrictChandauli , 1 , 822
HH2406T , DistrictChandauli , 392 , 91
HH2406T , DistrictChandauli , 810 , 51
HH2406T , DistrictChandauli , 620 , 18
HH2406T , DistrictChandauli , 841 , 421
HH2406T , DistrictChandauli , 616 , 374
HH2406T , DistrictChandauli , 167 , 41
HH2406T , DistrictChandauli , 58 , 6
HH2406T , DistrictVaranasi , 9 , 986
HH2406T , DistrictVaranasi , 5 , 601
HH2406T , DistrictVaranasi , 2 , 642
HH2406T , DistrictVaranasi , 1 , 743
HH2406T , DistrictVaranasi , 3 , 979
HH2406T , DistrictVaranasi , 909 , 137
HH2406T , DistrictVaranasi , 1 , 790
HH2406T , DistrictVaranasi , 1 , 280
HH2406T , DistrictVaranasi , 6 , 007
HH2406T , DistrictVaranasi , 4 , 692
HH2406T , DistrictVaranasi , 852 , 315
HH2406T , DistrictVaranasi , 463 , 49
HH2406T , DistrictSantRavidasNagarBhadohi , 2 , 811
HH2406T , DistrictSantRavidasNagarBhadohi , 510 , 121
HH2406T , DistrictSantRavidasNagarBhadohi , 1 , 549
HH2406T , DistrictSantRavidasNagarBhadohi , 752 , 43
HH2406T , DistrictSantRavidasNagarBhadohi , 2 , 520
HH2406T , DistrictSantRavidasNagarBhadohi , 388 , 36
HH2406T , DistrictSantRavidasNagarBhadohi , 1 , 448
HH2406T , DistrictSantRavidasNagarBhadohi , 684 , 36
HH2406T , DistrictSantRavidasNagarBhadohi , 291 , 128
HH2406T , DistrictSantRavidasNagarBhadohi , 122 , 85
HH2406T , DistrictSantRavidasNagarBhadohi , 101 , 36
HH2406T , DistrictSantRavidasNagarBhadohi , 68 , 7
HH2406T , DistrictMirzapur , 6 , 172
HH2406T , DistrictMirzapur , 1 , 165
HH2406T , DistrictMirzapur , 2 , 903
HH2406T , DistrictMirzapur , 2 , 104
HH2406T , DistrictMirzapur , 5 , 009
HH2406T , DistrictMirzapur , 548 , 36
HH2406T , DistrictMirzapur , 2 , 501
HH2406T , DistrictMirzapur , 1 , 960
HH2406T , DistrictMirzapur , 1 , 163
HH2406T , DistrictMirzapur , 617 , 439
HH2406T , DistrictMirzapur , 402 , 149
HH2406T , DistrictMirzapur , 144 , 12
HH2406T , DistrictSonbhadra , 69 , 272
HH2406T , DistrictSonbhadra , 4 , 256
HH2406T , DistrictSonbhadra , 36 , 227
HH2406T , DistrictSonbhadra , 28 , 789
HH2406T , DistrictSonbhadra , 66 , 182
HH2406T , DistrictSonbhadra , 2 , 930
HH2406T , DistrictSonbhadra , 35 , 251
HH2406T , DistrictSonbhadra , 28 , 001
HH2406T , DistrictSonbhadra , 3 , 090
HH2406T , DistrictSonbhadra , 1 , 326
HH2406T , DistrictSonbhadra , 976 , 149
HH2406T , DistrictSonbhadra , 788 , 85
HH2406T , DistrictEtah , 2 , 382
HH2406T , DistrictEtah , 1 , 142
HH2406T , DistrictEtah , 911 , 209
HH2406T , DistrictEtah , 329 , 56
HH2406T , DistrictEtah , 1 , 725
HH2406T , DistrictEtah , 663 , 364
HH2406T , DistrictEtah , 777 , 188
HH2406T , DistrictEtah , 285 , 52
HH2406T , DistrictEtah , 657 , 185
HH2406T , DistrictEtah , 479 , 160
HH2406T , DistrictEtah , 134 , 21
HH2406T , DistrictEtah , 44 , 4
HH2406T , DistrictKanshiramNagar , 1 , 760
HH2406T , DistrictKanshiramNagar , 1 , 185
HH2406T , DistrictKanshiramNagar , 438 , 97
HH2406T , DistrictKanshiramNagar , 137 , 30
HH2406T , DistrictKanshiramNagar , 1 , 187
HH2406T , DistrictKanshiramNagar , 744 , 185
HH2406T , DistrictKanshiramNagar , 335 , 63
HH2406T , DistrictKanshiramNagar , 108 , 20
HH2406T , DistrictKanshiramNagar , 573 , 277
HH2406T , DistrictKanshiramNagar , 441 , 233
HH2406T , DistrictKanshiramNagar , 103 , 34
HH2406T , DistrictKanshiramNagar , 29 , 10